idPart;;idAcidente;;Carona Moto;;Carroceiro;;Ciclista;;Condutor;;Motociclista;;Não Inf.;;Outros;;Passageiro;;Pedestre;
1;,;1;,;0;,;0;,;1;,;0;,;0;,;0;,;0;,;1;,;0;");"
2;,;2;,;0;,;0;,;0;,;1;,;0;,;0;,;0;,;0;,;0;");"
3;,;3;,;0;,;0;,;1;,;2;,;0;,;0;,;0;,;2;,;3;");"
4;,;4;,;0;,;0;,;0;,;0;,;0;,;0;,;0;,;0;,;1;");"
5;,;5;,;0;,;0;,;0;,;2;,;0;,;0;,;0;,;1;,;0;");"
6;,;6;,;0;,;0;,;0;,;1;,;0;,;0;,;0;,;1;,;0;");"
7;,;7;,;0;,;0;,;0;,;2;,;4;,;1;,;0;,;0;,;4;");"
8;,;8;,;0;,;0;,;0;,;0;,;1;,;0;,;0;,;0;,;1;");"
9;,;9;,;0;,;0;,;0;,;1;,;0;,;0;,;0;,;0;,;1;");"
10;,;10;,;1;,;0;,;0;,;3;,;2;,;0;,;0;,;1;,;0;");"
11;,;11;,;0;,;0;,;0;,;0;,;0;,;0;,;0;,;0;,;1;");"
12;,;12;,;0;,;0;,;0;,;0;,;0;,;0;,;0;,;0;,;1;");"
13;,;13;,;0;,;0;,;0;,;3;,;1;,;0;,;0;,;0;,;0;");"
14;,;14;,;0;,;0;,;0;,;0;,;2;,;0;,;0;,;1;,;0;");"
15;,;15;,;0;,;0;,;0;,;0;,;0;,;0;,;0;,;1;,;0;");"
16;,;16;,;0;,;0;,;0;,;1;,;0;,;0;,;0;,;1;,;0;");"
17;,;17;,;0;,;0;,;0;,;1;,;0;,;0;,;0;,;0;,;1;");"
18;,;18;,;0;,;0;,;1;,;1;,;1;,;0;,;0;,;1;,;0;");"
19;,;19;,;0;,;0;,;0;,;2;,;0;,;0;,;0;,;1;,;1;");"
20;,;20;,;0;,;0;,;0;,;0;,;1;,;0;,;0;,;0;,;0;");"
21;,;21;,;0;,;0;,;1;,;1;,;4;,;0;,;0;,;0;,;3;");"
22;,;22;,;0;,;0;,;0;,;0;,;2;,;0;,;0;,;0;,;0;");"
23;,;23;,;0;,;0;,;0;,;0;,;1;,;0;,;0;,;0;,;0;");"
24;,;24;,;0;,;0;,;0;,;0;,;0;,;0;,;0;,;1;,;0;");"
25;,;25;,;0;,;0;,;0;,;0;,;0;,;0;,;0;,;0;,;1;");"
26;,;26;,;0;,;0;,;0;,;2;,;0;,;0;,;0;,;1;,;2;");"
27;,;27;,;0;,;0;,;0;,;1;,;0;,;0;,;0;,;0;,;0;");"
28;,;28;,;0;,;0;,;0;,;1;,;1;,;0;,;0;,;0;,;1;");"
29;,;29;,;0;,;0;,;0;,;1;,;1;,;0;,;0;,;2;,;0;");"
30;,;30;,;0;,;0;,;0;,;2;,;5;,;0;,;0;,;0;,;1;");"
31;,;31;,;0;,;0;,;0;,;4;,;0;,;0;,;0;,;7;,;0;");"
32;,;32;,;0;,;0;,;0;,;0;,;1;,;0;,;0;,;1;,;0;");"
33;,;33;,;0;,;0;,;0;,;3;,;0;,;0;,;0;,;1;,;0;");"
34;,;34;,;0;,;0;,;0;,;2;,;2;,;0;,;0;,;0;,;2;");"
35;,;35;,;0;,;0;,;0;,;1;,;0;,;0;,;0;,;2;,;0;");"
36;,;36;,;0;,;0;,;0;,;1;,;2;,;0;,;0;,;0;,;0;");"
37;,;37;,;0;,;0;,;0;,;1;,;0;,;0;,;0;,;0;,;0;");"
38;,;38;,;0;,;0;,;1;,;0;,;0;,;0;,;0;,;0;,;0;");"
39;,;39;,;0;,;0;,;0;,;3;,;0;,;0;,;0;,;0;,;0;");"
40;,;40;,;0;,;0;,;0;,;0;,;2;,;0;,;0;,;0;,;1;");"
41;,;41;,;0;,;0;,;0;,;5;,;2;,;0;,;0;,;3;,;0;");"
42;,;42;,;0;,;0;,;0;,;1;,;1;,;0;,;0;,;0;,;0;");"
43;,;43;,;0;,;0;,;1;,;6;,;4;,;0;,;0;,;2;,;2;");"
44;,;44;,;0;,;0;,;0;,;0;,;4;,;0;,;1;,;0;,;1;");"
45;,;45;,;0;,;0;,;1;,;0;,;1;,;0;,;0;,;0;,;1;");"
46;,;46;,;0;,;0;,;0;,;1;,;0;,;0;,;0;,;0;,;0;");"
47;,;47;,;1;,;0;,;1;,;3;,;3;,;0;,;0;,;0;,;1;");"
48;,;48;,;0;,;0;,;0;,;1;,;0;,;0;,;0;,;1;,;0;");"
49;,;49;,;1;,;0;,;0;,;2;,;0;,;0;,;0;,;1;,;0;");"
50;,;50;,;1;,;0;,;1;,;1;,;4;,;0;,;0;,;1;,;1;");"
51;,;51;,;0;,;0;,;0;,;2;,;0;,;0;,;0;,;0;,;0;");"
52;,;52;,;0;,;0;,;1;,;4;,;3;,;0;,;0;,;2;,;2;");"
53;,;53;,;0;,;0;,;0;,;0;,;0;,;0;,;0;,;1;,;0;");"
54;,;54;,;0;,;0;,;0;,;3;,;1;,;0;,;0;,;1;,;0;");"
55;,;55;,;0;,;1;,;0;,;0;,;2;,;0;,;0;,;0;,;1;");"
56;,;56;,;1;,;0;,;0;,;3;,;5;,;0;,;0;,;2;,;3;");"
57;,;57;,;0;,;0;,;2;,;5;,;10;,;0;,;0;,;0;,;11;");"
58;,;58;,;0;,;0;,;0;,;1;,;0;,;0;,;0;,;1;,;0;");"
59;,;59;,;0;,;0;,;0;,;1;,;1;,;0;,;0;,;0;,;0;");"
60;,;60;,;0;,;0;,;0;,;1;,;2;,;0;,;0;,;1;,;1;");"
61;,;61;,;0;,;0;,;0;,;1;,;0;,;0;,;0;,;1;,;0;");"
62;,;62;,;0;,;0;,;0;,;0;,;0;,;0;,;0;,;1;,;0;");"
63;,;63;,;1;,;0;,;0;,;4;,;2;,;0;,;0;,;5;,;1;");"
64;,;64;,;0;,;0;,;0;,;1;,;1;,;0;,;0;,;0;,;0;");"
65;,;65;,;0;,;0;,;0;,;7;,;0;,;0;,;0;,;1;,;0;");"
66;,;66;,;0;,;0;,;0;,;1;,;0;,;0;,;0;,;1;,;1;");"
67;,;67;,;0;,;0;,;0;,;3;,;0;,;0;,;0;,;0;,;1;");"
68;,;68;,;0;,;0;,;2;,;5;,;10;,;0;,;0;,;5;,;11;");"
69;,;69;,;0;,;0;,;0;,;1;,;1;,;0;,;0;,;1;,;0;");"
70;,;70;,;0;,;0;,;2;,;0;,;0;,;0;,;0;,;0;,;0;");"
71;,;71;,;0;,;0;,;0;,;0;,;2;,;0;,;0;,;0;,;0;");"
72;,;72;,;0;,;0;,;0;,;0;,;1;,;0;,;0;,;0;,;0;");"
73;,;73;,;0;,;0;,;0;,;1;,;1;,;0;,;0;,;0;,;0;");"
74;,;74;,;0;,;0;,;1;,;2;,;0;,;0;,;0;,;0;,;0;");"
75;,;75;,;0;,;0;,;0;,;1;,;1;,;0;,;0;,;0;,;0;");"
76;,;76;,;0;,;0;,;0;,;0;,;0;,;0;,;0;,;1;,;0;");"
77;,;77;,;0;,;0;,;0;,;0;,;0;,;0;,;0;,;3;,;1;");"
78;,;78;,;0;,;0;,;0;,;1;,;0;,;0;,;0;,;1;,;0;");"
79;,;79;,;1;,;0;,;0;,;3;,;2;,;0;,;0;,;0;,;0;");"
80;,;80;,;0;,;0;,;0;,;0;,;0;,;0;,;0;,;1;,;0;");"
81;,;81;,;0;,;0;,;0;,;5;,;0;,;0;,;0;,;4;,;1;");"
82;,;82;,;0;,;0;,;0;,;0;,;0;,;0;,;0;,;1;,;0;");"
83;,;83;,;0;,;0;,;0;,;1;,;1;,;0;,;0;,;0;,;0;");"
84;,;84;,;0;,;0;,;0;,;1;,;0;,;0;,;0;,;0;,;0;");"
85;,;85;,;0;,;0;,;0;,;1;,;0;,;0;,;0;,;0;,;0;");"
86;,;86;,;1;,;0;,;0;,;1;,;0;,;1;,;0;,;2;,;0;");"
87;,;87;,;0;,;0;,;0;,;0;,;2;,;0;,;0;,;0;,;0;");"
88;,;88;,;0;,;0;,;0;,;1;,;1;,;0;,;0;,;0;,;0;");"
89;,;89;,;1;,;0;,;1;,;0;,;0;,;0;,;0;,;0;,;0;");"
90;,;90;,;0;,;0;,;0;,;1;,;0;,;0;,;0;,;1;,;0;");"
91;,;91;,;0;,;0;,;0;,;0;,;0;,;0;,;0;,;0;,;1;");"
92;,;92;,;1;,;0;,;2;,;6;,;2;,;0;,;0;,;8;,;0;");"
93;,;93;,;0;,;0;,;0;,;1;,;1;,;0;,;0;,;1;,;2;");"
94;,;94;,;0;,;0;,;0;,;2;,;2;,;0;,;0;,;2;,;1;");"
95;,;95;,;0;,;0;,;0;,;1;,;0;,;0;,;0;,;0;,;1;");"
96;,;96;,;0;,;0;,;0;,;3;,;6;,;0;,;0;,;2;,;1;");"
97;,;97;,;0;,;0;,;0;,;4;,;0;,;0;,;0;,;1;,;0;");"
98;,;98;,;0;,;0;,;0;,;0;,;1;,;0;,;0;,;0;,;1;");"
99;,;99;,;0;,;0;,;0;,;0;,;0;,;0;,;0;,;0;,;1;");"
100;,;100;,;0;,;0;,;0;,;1;,;0;,;0;,;0;,;1;,;1;");"
101;,;101;,;0;,;0;,;0;,;1;,;0;,;0;,;0;,;0;,;0;");"
102;,;102;,;0;,;0;,;0;,;0;,;0;,;0;,;0;,;0;,;1;");"
103;,;103;,;0;,;0;,;0;,;1;,;2;,;0;,;0;,;0;,;3;");"
104;,;104;,;0;,;0;,;0;,;4;,;1;,;1;,;0;,;1;,;0;");"
105;,;105;,;0;,;0;,;0;,;2;,;0;,;0;,;0;,;4;,;0;");"
106;,;106;,;0;,;0;,;0;,;1;,;0;,;0;,;0;,;0;,;0;");"
107;,;107;,;0;,;0;,;0;,;6;,;1;,;0;,;0;,;4;,;2;");"
108;,;108;,;0;,;0;,;0;,;0;,;1;,;0;,;0;,;2;,;0;");"
109;,;109;,;1;,;0;,;0;,;1;,;0;,;0;,;0;,;2;,;1;");"
110;,;110;,;0;,;0;,;0;,;2;,;1;,;0;,;0;,;0;,;0;");"
111;,;111;,;1;,;0;,;0;,;3;,;2;,;0;,;0;,;0;,;1;");"
112;,;112;,;0;,;0;,;0;,;2;,;0;,;0;,;0;,;1;,;0;");"
113;,;113;,;0;,;0;,;0;,;1;,;0;,;0;,;0;,;2;,;0;");"
114;,;114;,;0;,;0;,;0;,;0;,;0;,;0;,;0;,;0;,;1;");"
115;,;115;,;0;,;0;,;1;,;1;,;1;,;0;,;0;,;0;,;1;");"
116;,;116;,;2;,;0;,;0;,;2;,;0;,;0;,;0;,;2;,;1;");"
117;,;117;,;0;,;0;,;0;,;0;,;0;,;0;,;0;,;0;,;1;");"
118;,;118;,;0;,;0;,;0;,;0;,;0;,;0;,;0;,;0;,;1;");"
119;,;119;,;0;,;0;,;0;,;0;,;0;,;0;,;0;,;1;,;0;");"
120;,;120;,;0;,;0;,;0;,;4;,;0;,;0;,;0;,;0;,;0;");"
121;,;121;,;0;,;0;,;0;,;1;,;2;,;0;,;0;,;0;,;0;");"
122;,;122;,;0;,;0;,;0;,;1;,;0;,;0;,;0;,;1;,;0;");"
123;,;123;,;0;,;0;,;0;,;1;,;4;,;0;,;0;,;0;,;0;");"
124;,;124;,;0;,;0;,;0;,;0;,;0;,;0;,;0;,;1;,;0;");"
125;,;125;,;0;,;0;,;0;,;1;,;1;,;0;,;0;,;0;,;0;");"
126;,;126;,;1;,;1;,;4;,;6;,;11;,;1;,;0;,;8;,;13;");"
127;,;127;,;1;,;0;,;3;,;3;,;7;,;0;,;0;,;5;,;2;");"
128;,;128;,;0;,;0;,;0;,;4;,;1;,;0;,;0;,;2;,;1;");"
129;,;129;,;0;,;0;,;0;,;0;,;2;,;0;,;0;,;1;,;0;");"
130;,;130;,;0;,;0;,;1;,;0;,;0;,;0;,;0;,;0;,;1;");"
131;,;131;,;0;,;0;,;0;,;1;,;0;,;0;,;0;,;0;,;0;");"
132;,;132;,;0;,;0;,;0;,;0;,;0;,;0;,;0;,;2;,;0;");"
133;,;133;,;0;,;0;,;0;,;2;,;1;,;0;,;0;,;0;,;0;");"
134;,;134;,;0;,;0;,;0;,;0;,;0;,;0;,;0;,;1;,;1;");"
135;,;135;,;0;,;0;,;0;,;0;,;0;,;1;,;0;,;0;,;1;");"
136;,;136;,;0;,;0;,;0;,;0;,;0;,;0;,;0;,;0;,;1;");"
137;,;137;,;0;,;0;,;0;,;5;,;0;,;0;,;0;,;7;,;1;");"
138;,;138;,;0;,;0;,;1;,;0;,;4;,;0;,;0;,;0;,;0;");"
139;,;139;,;2;,;0;,;0;,;4;,;5;,;0;,;0;,;5;,;1;");"
140;,;140;,;0;,;0;,;0;,;1;,;0;,;0;,;0;,;0;,;0;");"
141;,;141;,;0;,;0;,;0;,;2;,;1;,;0;,;0;,;0;,;0;");"
142;,;142;,;0;,;0;,;0;,;1;,;3;,;0;,;0;,;1;,;1;");"
143;,;143;,;0;,;0;,;0;,;1;,;0;,;0;,;0;,;0;,;0;");"
144;,;144;,;0;,;0;,;0;,;2;,;2;,;0;,;0;,;1;,;1;");"
145;,;145;,;0;,;0;,;0;,;0;,;0;,;0;,;0;,;0;,;1;");"
146;,;146;,;0;,;0;,;1;,;1;,;2;,;0;,;0;,;0;,;0;");"
147;,;147;,;0;,;0;,;1;,;0;,;0;,;0;,;0;,;0;,;0;");"
148;,;148;,;0;,;0;,;0;,;0;,;1;,;0;,;0;,;0;,;0;");"
149;,;149;,;0;,;0;,;0;,;0;,;0;,;0;,;0;,;0;,;1;");"
150;,;150;,;0;,;0;,;0;,;1;,;1;,;0;,;0;,;1;,;0;");"
151;,;151;,;0;,;0;,;0;,;1;,;0;,;0;,;0;,;1;,;0;");"
152;,;152;,;0;,;0;,;0;,;4;,;0;,;0;,;0;,;4;,;0;");"
153;,;153;,;0;,;0;,;0;,;1;,;0;,;0;,;0;,;0;,;0;");"
154;,;154;,;0;,;0;,;0;,;2;,;1;,;0;,;0;,;1;,;0;");"
155;,;155;,;0;,;0;,;0;,;3;,;6;,;0;,;0;,;1;,;3;");"
156;,;156;,;0;,;0;,;0;,;0;,;1;,;0;,;0;,;0;,;0;");"
157;,;157;,;0;,;0;,;0;,;0;,;1;,;0;,;0;,;0;,;0;");"
158;,;158;,;0;,;0;,;1;,;1;,;0;,;0;,;0;,;0;,;0;");"
159;,;159;,;0;,;0;,;0;,;0;,;0;,;1;,;0;,;0;,;0;");"
160;,;160;,;0;,;0;,;0;,;0;,;1;,;0;,;0;,;1;,;2;");"
161;,;161;,;1;,;0;,;0;,;2;,;1;,;0;,;0;,;0;,;1;");"
162;,;162;,;0;,;0;,;0;,;0;,;0;,;0;,;0;,;1;,;0;");"
163;,;163;,;0;,;0;,;0;,;4;,;0;,;0;,;0;,;3;,;0;");"
164;,;164;,;0;,;0;,;0;,;0;,;1;,;0;,;0;,;0;,;0;");"
165;,;165;,;0;,;0;,;0;,;1;,;1;,;0;,;0;,;2;,;0;");"
166;,;166;,;0;,;0;,;0;,;0;,;0;,;0;,;0;,;0;,;1;");"
167;,;167;,;0;,;0;,;0;,;1;,;1;,;0;,;0;,;0;,;3;");"
168;,;168;,;0;,;0;,;0;,;1;,;0;,;0;,;0;,;0;,;0;");"
169;,;169;,;0;,;0;,;4;,;3;,;7;,;0;,;0;,;5;,;3;");"
170;,;170;,;0;,;0;,;0;,;1;,;0;,;0;,;0;,;0;,;1;");"
171;,;171;,;0;,;0;,;0;,;1;,;0;,;0;,;0;,;0;,;0;");"
172;,;172;,;0;,;0;,;0;,;1;,;0;,;0;,;0;,;0;,;0;");"
173;,;173;,;0;,;0;,;0;,;1;,;0;,;0;,;0;,;0;,;0;");"
174;,;174;,;0;,;0;,;0;,;2;,;0;,;0;,;0;,;0;,;0;");"
175;,;175;,;0;,;0;,;0;,;1;,;0;,;0;,;0;,;1;,;0;");"
176;,;176;,;1;,;0;,;0;,;1;,;1;,;0;,;0;,;1;,;2;");"
177;,;177;,;0;,;0;,;0;,;2;,;0;,;0;,;0;,;2;,;1;");"
178;,;178;,;0;,;0;,;1;,;1;,;1;,;0;,;0;,;1;,;2;");"
179;,;179;,;0;,;0;,;0;,;3;,;1;,;0;,;0;,;1;,;0;");"
180;,;180;,;0;,;0;,;0;,;1;,;0;,;0;,;0;,;3;,;3;");"
181;,;181;,;0;,;0;,;0;,;0;,;1;,;0;,;0;,;0;,;1;");"
182;,;182;,;0;,;0;,;0;,;0;,;1;,;0;,;0;,;0;,;0;");"
183;,;183;,;1;,;0;,;1;,;5;,;8;,;0;,;1;,;0;,;10;");"
184;,;184;,;1;,;0;,;3;,;3;,;4;,;0;,;0;,;2;,;2;");"
185;,;185;,;0;,;0;,;0;,;1;,;2;,;0;,;0;,;3;,;2;");"
186;,;186;,;0;,;0;,;0;,;1;,;3;,;0;,;0;,;1;,;1;");"
187;,;187;,;0;,;0;,;0;,;0;,;5;,;0;,;0;,;0;,;0;");"
188;,;188;,;0;,;0;,;1;,;2;,;1;,;0;,;0;,;0;,;1;");"
189;,;189;,;0;,;0;,;1;,;1;,;0;,;0;,;0;,;2;,;0;");"
190;,;190;,;0;,;0;,;0;,;0;,;1;,;0;,;0;,;0;,;1;");"
191;,;191;,;0;,;0;,;2;,;2;,;0;,;0;,;0;,;0;,;1;");"
192;,;192;,;0;,;0;,;0;,;0;,;1;,;0;,;0;,;0;,;0;");"
193;,;193;,;0;,;0;,;1;,;11;,;9;,;0;,;0;,;7;,;1;");"
194;,;194;,;0;,;1;,;1;,;0;,;1;,;0;,;0;,;0;,;0;");"
195;,;195;,;2;,;0;,;1;,;7;,;10;,;0;,;0;,;5;,;11;");"
196;,;196;,;0;,;0;,;0;,;0;,;1;,;0;,;0;,;0;,;0;");"
197;,;197;,;0;,;0;,;0;,;2;,;0;,;0;,;0;,;1;,;1;");"
198;,;198;,;0;,;0;,;0;,;1;,;0;,;0;,;0;,;0;,;0;");"
199;,;199;,;0;,;0;,;0;,;1;,;1;,;0;,;0;,;1;,;0;");"
200;,;200;,;0;,;0;,;0;,;4;,;2;,;0;,;0;,;0;,;0;");"
201;,;201;,;0;,;0;,;0;,;0;,;0;,;0;,;0;,;1;,;1;");"
202;,;202;,;1;,;0;,;0;,;0;,;0;,;0;,;0;,;0;,;5;");"
203;,;203;,;1;,;0;,;8;,;12;,;24;,;1;,;0;,;6;,;32;");"
204;,;204;,;0;,;0;,;1;,;2;,;0;,;0;,;0;,;3;,;0;");"
205;,;205;,;0;,;0;,;0;,;1;,;1;,;0;,;0;,;1;,;0;");"
206;,;206;,;0;,;0;,;1;,;1;,;0;,;0;,;0;,;0;,;1;");"
207;,;207;,;0;,;0;,;0;,;0;,;0;,;0;,;0;,;0;,;1;");"
208;,;208;,;0;,;0;,;0;,;0;,;4;,;0;,;0;,;0;,;1;");"
209;,;209;,;0;,;0;,;0;,;0;,;1;,;0;,;0;,;0;,;1;");"
210;,;210;,;0;,;0;,;2;,;6;,;6;,;0;,;0;,;2;,;11;");"
211;,;211;,;0;,;0;,;0;,;3;,;4;,;0;,;0;,;0;,;1;");"
212;,;212;,;0;,;0;,;0;,;1;,;0;,;0;,;0;,;0;,;0;");"
213;,;213;,;0;,;0;,;0;,;1;,;0;,;0;,;0;,;0;,;0;");"
214;,;214;,;0;,;0;,;0;,;1;,;0;,;0;,;0;,;1;,;0;");"
215;,;215;,;0;,;0;,;0;,;3;,;0;,;0;,;0;,;0;,;0;");"
216;,;216;,;0;,;0;,;0;,;1;,;0;,;0;,;0;,;1;,;0;");"
217;,;217;,;0;,;0;,;0;,;3;,;0;,;0;,;0;,;0;,;3;");"
218;,;218;,;0;,;0;,;0;,;2;,;0;,;0;,;0;,;0;,;1;");"
219;,;219;,;0;,;0;,;0;,;0;,;2;,;0;,;0;,;0;,;1;");"
220;,;220;,;0;,;0;,;0;,;0;,;1;,;0;,;0;,;0;,;0;");"
221;,;221;,;0;,;0;,;0;,;0;,;1;,;0;,;0;,;1;,;0;");"
222;,;222;,;1;,;0;,;0;,;3;,;1;,;0;,;0;,;1;,;0;");"
223;,;223;,;0;,;0;,;3;,;5;,;7;,;0;,;0;,;5;,;2;");"
224;,;224;,;0;,;0;,;0;,;0;,;0;,;0;,;0;,;1;,;0;");"
225;,;225;,;1;,;0;,;2;,;11;,;7;,;0;,;0;,;5;,;11;");"
226;,;226;,;0;,;0;,;0;,;0;,;1;,;0;,;0;,;0;,;0;");"
227;,;227;,;0;,;0;,;1;,;5;,;3;,;0;,;0;,;1;,;3;");"
228;,;228;,;0;,;0;,;0;,;2;,;0;,;2;,;0;,;6;,;1;");"
229;,;229;,;1;,;0;,;1;,;1;,;5;,;0;,;0;,;0;,;3;");"
230;,;230;,;0;,;0;,;0;,;3;,;0;,;0;,;0;,;1;,;0;");"
231;,;231;,;0;,;0;,;1;,;3;,;2;,;0;,;0;,;2;,;1;");"
232;,;232;,;0;,;0;,;0;,;4;,;1;,;0;,;0;,;3;,;1;");"
233;,;233;,;0;,;0;,;0;,;0;,;1;,;0;,;0;,;0;,;0;");"
234;,;234;,;0;,;0;,;0;,;0;,;0;,;0;,;0;,;0;,;1;");"
235;,;235;,;0;,;0;,;1;,;1;,;3;,;0;,;0;,;0;,;1;");"
236;,;236;,;0;,;0;,;0;,;1;,;0;,;0;,;0;,;0;,;0;");"
237;,;237;,;0;,;0;,;0;,;1;,;0;,;0;,;0;,;0;,;0;");"
238;,;238;,;0;,;0;,;0;,;5;,;1;,;0;,;0;,;1;,;0;");"
239;,;239;,;0;,;0;,;1;,;4;,;1;,;0;,;0;,;1;,;1;");"
240;,;240;,;0;,;0;,;1;,;0;,;1;,;0;,;0;,;2;,;0;");"
241;,;241;,;0;,;0;,;1;,;0;,;1;,;0;,;0;,;0;,;2;");"
242;,;242;,;0;,;0;,;0;,;2;,;1;,;0;,;0;,;0;,;0;");"
243;,;243;,;0;,;0;,;0;,;1;,;0;,;0;,;0;,;2;,;0;");"
244;,;244;,;0;,;0;,;0;,;0;,;0;,;0;,;0;,;1;,;0;");"
245;,;245;,;1;,;0;,;0;,;2;,;2;,;0;,;0;,;2;,;1;");"
246;,;246;,;0;,;0;,;0;,;2;,;0;,;0;,;0;,;1;,;0;");"
247;,;247;,;0;,;0;,;0;,;0;,;0;,;0;,;0;,;0;,;1;");"
248;,;248;,;0;,;0;,;3;,;3;,;10;,;0;,;0;,;2;,;6;");"
249;,;249;,;0;,;0;,;0;,;1;,;2;,;0;,;0;,;1;,;0;");"
250;,;250;,;0;,;0;,;0;,;1;,;0;,;1;,;0;,;0;,;1;");"
251;,;251;,;0;,;0;,;0;,;1;,;1;,;0;,;0;,;0;,;0;");"
252;,;252;,;0;,;0;,;0;,;1;,;0;,;0;,;0;,;0;,;0;");"
253;,;253;,;0;,;0;,;0;,;1;,;0;,;0;,;0;,;0;,;0;");"
254;,;254;,;0;,;0;,;0;,;0;,;0;,;0;,;0;,;2;,;0;");"
255;,;255;,;0;,;0;,;0;,;1;,;0;,;0;,;0;,;1;,;0;");"
256;,;256;,;0;,;0;,;0;,;0;,;1;,;0;,;0;,;0;,;0;");"
257;,;257;,;0;,;0;,;0;,;1;,;0;,;0;,;0;,;2;,;1;");"
258;,;258;,;0;,;0;,;1;,;0;,;0;,;0;,;0;,;0;,;5;");"
259;,;259;,;0;,;0;,;0;,;3;,;1;,;0;,;0;,;4;,;1;");"
260;,;260;,;0;,;0;,;0;,;1;,;0;,;0;,;0;,;0;,;0;");"
261;,;261;,;0;,;0;,;0;,;0;,;1;,;0;,;0;,;1;,;0;");"
262;,;262;,;0;,;0;,;2;,;1;,;5;,;0;,;0;,;0;,;2;");"
263;,;263;,;0;,;0;,;2;,;1;,;3;,;0;,;0;,;0;,;7;");"
264;,;264;,;0;,;0;,;0;,;2;,;0;,;0;,;0;,;2;,;0;");"
265;,;265;,;0;,;0;,;0;,;1;,;0;,;0;,;0;,;0;,;0;");"
266;,;266;,;0;,;0;,;0;,;1;,;0;,;0;,;0;,;0;,;0;");"
267;,;267;,;0;,;0;,;0;,;0;,;0;,;0;,;0;,;3;,;0;");"
268;,;268;,;0;,;0;,;0;,;1;,;0;,;0;,;0;,;1;,;1;");"
269;,;269;,;0;,;0;,;0;,;0;,;0;,;0;,;0;,;2;,;1;");"
270;,;270;,;0;,;0;,;0;,;1;,;0;,;0;,;0;,;3;,;0;");"
271;,;271;,;0;,;0;,;0;,;1;,;0;,;0;,;0;,;0;,;0;");"
272;,;272;,;0;,;0;,;0;,;0;,;1;,;0;,;0;,;0;,;0;");"
273;,;273;,;0;,;0;,;0;,;0;,;2;,;0;,;0;,;2;,;0;");"
274;,;274;,;0;,;0;,;1;,;1;,;0;,;0;,;0;,;0;,;0;");"
275;,;275;,;0;,;0;,;0;,;5;,;0;,;0;,;0;,;3;,;1;");"
276;,;276;,;0;,;0;,;0;,;1;,;0;,;0;,;0;,;0;,;1;");"
277;,;277;,;0;,;0;,;0;,;0;,;1;,;0;,;0;,;2;,;0;");"
278;,;278;,;0;,;0;,;0;,;2;,;2;,;0;,;0;,;0;,;1;");"
279;,;279;,;1;,;0;,;0;,;2;,;0;,;0;,;0;,;0;,;0;");"
280;,;280;,;2;,;0;,;2;,;5;,;4;,;0;,;0;,;2;,;3;");"
281;,;281;,;0;,;0;,;0;,;1;,;3;,;0;,;0;,;0;,;0;");"
282;,;282;,;1;,;0;,;0;,;1;,;0;,;0;,;0;,;0;,;0;");"
283;,;283;,;0;,;0;,;0;,;2;,;1;,;0;,;0;,;0;,;1;");"
284;,;284;,;0;,;0;,;1;,;1;,;1;,;0;,;0;,;0;,;1;");"
285;,;285;,;0;,;0;,;0;,;1;,;0;,;0;,;0;,;1;,;1;");"
286;,;286;,;0;,;0;,;0;,;0;,;1;,;0;,;0;,;0;,;0;");"
287;,;287;,;0;,;0;,;1;,;4;,;3;,;0;,;0;,;2;,;3;");"
288;,;288;,;0;,;0;,;1;,;1;,;1;,;0;,;0;,;0;,;0;");"
289;,;289;,;0;,;0;,;0;,;1;,;0;,;0;,;0;,;0;,;0;");"
290;,;290;,;0;,;0;,;0;,;1;,;0;,;0;,;0;,;0;,;0;");"
291;,;291;,;0;,;0;,;2;,;2;,;0;,;0;,;0;,;1;,;0;");"
292;,;292;,;0;,;0;,;0;,;2;,;1;,;0;,;0;,;1;,;2;");"
293;,;293;,;0;,;0;,;0;,;1;,;0;,;0;,;0;,;0;,;0;");"
294;,;294;,;0;,;0;,;0;,;3;,;2;,;0;,;0;,;2;,;1;");"
295;,;295;,;1;,;0;,;0;,;0;,;0;,;0;,;0;,;1;,;0;");"
296;,;296;,;0;,;0;,;1;,;2;,;3;,;0;,;0;,;1;,;0;");"
297;,;297;,;0;,;0;,;0;,;0;,;1;,;0;,;0;,;0;,;0;");"
298;,;298;,;0;,;0;,;0;,;3;,;0;,;0;,;0;,;0;,;0;");"
299;,;299;,;0;,;0;,;1;,;0;,;0;,;0;,;0;,;0;,;0;");"
300;,;300;,;0;,;0;,;0;,;0;,;1;,;0;,;0;,;0;,;0;");"
301;,;301;,;0;,;0;,;0;,;1;,;0;,;0;,;0;,;0;,;0;");"
302;,;302;,;0;,;0;,;0;,;5;,;4;,;0;,;0;,;0;,;3;");"
303;,;303;,;0;,;0;,;1;,;4;,;2;,;0;,;0;,;4;,;6;");"
304;,;304;,;0;,;0;,;0;,;2;,;1;,;0;,;0;,;0;,;0;");"
305;,;305;,;0;,;0;,;1;,;0;,;0;,;0;,;0;,;1;,;0;");"
306;,;306;,;0;,;0;,;0;,;0;,;1;,;0;,;0;,;0;,;0;");"
307;,;307;,;2;,;0;,;2;,;3;,;9;,;0;,;0;,;1;,;2;");"
308;,;308;,;0;,;0;,;0;,;2;,;3;,;0;,;0;,;0;,;0;");"
309;,;309;,;0;,;0;,;0;,;2;,;1;,;0;,;0;,;1;,;1;");"
310;,;310;,;1;,;0;,;0;,;5;,;5;,;2;,;0;,;5;,;13;");"
311;,;311;,;0;,;0;,;0;,;0;,;0;,;0;,;0;,;0;,;1;");"
312;,;312;,;0;,;0;,;0;,;3;,;0;,;0;,;0;,;4;,;0;");"
313;,;313;,;0;,;0;,;0;,;1;,;0;,;0;,;0;,;0;,;1;");"
314;,;314;,;0;,;0;,;0;,;0;,;1;,;0;,;0;,;1;,;0;");"
315;,;315;,;0;,;0;,;0;,;0;,;1;,;0;,;0;,;0;,;1;");"
316;,;316;,;0;,;0;,;0;,;0;,;1;,;0;,;0;,;0;,;0;");"
317;,;317;,;0;,;0;,;0;,;1;,;0;,;0;,;0;,;0;,;0;");"
318;,;318;,;0;,;0;,;0;,;2;,;0;,;0;,;0;,;0;,;0;");"
319;,;319;,;0;,;0;,;0;,;2;,;1;,;0;,;0;,;0;,;0;");"
320;,;320;,;0;,;0;,;0;,;1;,;1;,;0;,;0;,;1;,;1;");"
